Workbook

Sheet Raw
A1: Participant | B1: Activity | C1: Category | D1: Attendance
A2: Hazel An Orito | B2: TRUST IN THE LORD | C2: Major Activity | D2: 1
A3: Rhea Angel Bernales | B3: TRUST IN THE LORD | C3: Major Activity | D3: 0
A4: Michelle Orito | B4: TRUST IN THE LORD | C4: Major Activity | D4: 1
A5: Marites Palomar | B5: TRUST IN THE LORD | C5: Major Activity | D5: 1
A6: Cristy Mondalo | B6: TRUST IN THE LORD | C6: Major Activity | D6: 1
A7: Estela Mae Montenegro | B7: TRUST IN THE LORD | C7: Major Activity | D7: 1
A8: Harlene Absalon | B8: TRUST IN THE LORD | C8: Major Activity | D8: 0
A9: Anita Ajoc | B9: TRUST IN THE LORD | C9: Major Activity | D9: 1
A10: Noime Ronquillo | B10: TRUST IN THE LORD | C10: Major Activity | D10: 1
A11: Mayet Midrano | B11: TRUST IN THE LORD | C11: Major Activity | D11: 1
A12: J-C-LYN Hinlas | B12: TRUST IN THE LORD | C12: Major Activity | D12: 1
A13: Robles Aubry | B13: TRUST IN THE LORD | C13: Major Activity | D13: 1
... A303: Jeselle Dumalaga | B303: LIVING IN GOD'S LOVE | C303: Life Class | D303: 1

Sheet Calculation Sheet
A1: Participants | B1: Life Class | C1: Sunday Service | D1: Home Visitation | E1: Major Activity | F1: Overall % | G1: Star Ratings per Performance | H1: SPIRITUAL ASSESMENT | I1: ACTIVITY ASSESMENT
A2: Marites Palomar | B2: =(COUNTIFS(Raw!$A:$A,$A2,Raw!$C:$C,B$1,Raw!$D:$D,1)/COUNTIFS(Raw!$A:$A,$A2,Raw!$C:$C,B$1))*30% -> 0.3 | C2: =(COUNTIFS(Raw!$A:$A,$A2,Raw!$C:$C,C$1,Raw!$D:$D,1)/COUNTIFS(Raw!$A:$A,$A2,Raw!$C:$C,C$1))*20% -> 0.2 | D2: =(COUNTIFS(Raw!$A:$A,$A2,Raw!$C:$C,D$1,Raw!$D:$D,1)/COUNTIFS(Raw!$A:$A,$A2,Raw!$C:$C,D$1))*15% -> 0.10714286 | E2: =(COUNTIFS(Raw!$A:$A,$A2,Raw!$C:$C,E$1,Raw!$D:$D,1)/COUNTIFS(Raw!$A:$A,$A2,Raw!$C:$C,E$1))*35% -> 0.29166667 | F2: =SUM(B2:E2) -> 0.89880952 | G2: =REPT("⭐ ", IF(F2<=0.2,1, IF(F2<=0.4,2, IF(F2<=0.6,3, IF(F2<=0.8,4,5))))) & REPT("☆ ", 5-IF(F2<=0.2,1, IF(F2<=0.4,2, IF(F2<=0.6,3, IF(F2<=0.8,4,5))))) -> ⭐ ⭐ ⭐ ⭐ ⭐ | H2: Developing (Still Learning) | I2: Active
A3: Michelle Orito | B3: =(COUNTIFS(Raw!$A:$A,$A3,Raw!$C:$C,B$1,Raw!$D:$D,1)/COUNTIFS(Raw!$A:$A,$A3,Raw!$C:$C,B$1))*30% -> 0.3 | C3: =(COUNTIFS(Raw!$A:$A,$A3,Raw!$C:$C,C$1,Raw!$D:$D,1)/COUNTIFS(Raw!$A:$A,$A3,Raw!$C:$C,C$1))*20% -> 0.15 | D3: =(COUNTIFS(Raw!$A:$A,$A3,Raw!$C:$C,D$1,Raw!$D:$D,1)/COUNTIFS(Raw!$A:$A,$A3,Raw!$C:$C,D$1))*15% -> 0.09375 | E3: =(COUNTIFS(Raw!$A:$A,$A3,Raw!$C:$C,E$1,Raw!$D:$D,1)/COUNTIFS(Raw!$A:$A,$A3,Raw!$C:$C,E$1))*35% -> 0.29166667 | F3: =SUM(B3:E3) -> 0.83541667 | G3: =REPT("⭐ ", IF(F3<=0.2,1, IF(F3<=0.4,2, IF(F3<=0.6,3, IF(F3<=0.8,4,5))))) & REPT("☆ ", 5-IF(F3<=0.2,1, IF(F3<=0.4,2, IF(F3<=0.6,3, IF(F3<=0.8,4,5))))) -> ⭐ ⭐ ⭐ ⭐ ⭐ | H3: Neglectful | I3: Active
A4: Ronelyn Hungayo | B4: =(COUNTIFS(Raw!$A:$A,$A4,Raw!$C:$C,B$1,Raw!$D:$D,1)/COUNTIFS(Raw!$A:$A,$A4,Raw!$C:$C,B$1))*30% -> 0.225 | C4: =(COUNTIFS(Raw!$A:$A,$A4,Raw!$C:$C,C$1,Raw!$D:$D,1)/COUNTIFS(Raw!$A:$A,$A4,Raw!$C:$C,C$1))*20% -> 0.2 | D4: =(COUNTIFS(Raw!$A:$A,$A4,Raw!$C:$C,D$1,Raw!$D:$D,1)/COUNTIFS(Raw!$A:$A,$A4,Raw!$C:$C,D$1))*15% -> 0.064285714 | E4: =(COUNTIFS(Raw!$A:$A,$A4,Raw!$C:$C,E$1,Raw!$D:$D,1)/COUNTIFS(Raw!$A:$A,$A4,Raw!$C:$C,E$1))*35% -> 0.29166667 | F4: =SUM(B4:E4) -> 0.78095238 | G4: =REPT("⭐ ", IF(F4<=0.2,1, IF(F4<=0.4,2, IF(F4<=0.6,3, IF(F4<=0.8,4,5))))) & REPT("☆ ", 5-IF(F4<=0.2,1, IF(F4<=0.4,2, IF(F4<=0.6,3, IF(F4<=0.8,4,5))))) -> ⭐ ⭐ ⭐ ⭐ ☆ | H4: Growing (Shows good understanding) | I4: Active
A5: J-C-LYN Hinlas | B5: =(COUNTIFS(Raw!$A:$A,$A5,Raw!$C:$C,B$1,Raw!$D:$D,1)/COUNTIFS(Raw!$A:$A,$A5,Raw!$C:$C,B$1))*30% -> 0.2 | C5: =(COUNTIFS(Raw!$A:$A,$A5,Raw!$C:$C,C$1,Raw!$D:$D,1)/COUNTIFS(Raw!$A:$A,$A5,Raw!$C:$C,C$1))*20% -> 0.2 | D5: =(COUNTIFS(Raw!$A:$A,$A5,Raw!$C:$C,D$1,Raw!$D:$D,1)/COUNTIFS(Raw!$A:$A,$A5,Raw!$C:$C,D$1))*15% -> 0.085714286 | E5: =(COUNTIFS(Raw!$A:$A,$A5,Raw!$C:$C,E$1,Raw!$D:$D,1)/COUNTIFS(Raw!$A:$A,$A5,Raw!$C:$C,E$1))*35% -> 0.29166667 | F5: =SUM(B5:E5) -> 0.77738095 | G5: =REPT("⭐ ", IF(F5<=0.2,1, IF(F5<=0.4,2, IF(F5<=0.6,3, IF(F5<=0.8,4,5))))) & REPT("☆ ", 5-IF(F5<=0.2,1, IF(F5<=0.4,2, IF(F5<=0.6,3, IF(F5<=0.8,4,5))))) -> ⭐ ⭐ ⭐ ⭐ ☆ | H5: Growing (Shows good understanding) | I5: Active
A6: Jeselle Dumalaga | B6: =(COUNTIFS(Raw!$A:$A,$A6,Raw!$C:$C,B$1,Raw!$D:$D,1)/COUNTIFS(Raw!$A:$A,$A6,Raw!$C:$C,B$1))*30% -> 0.225 | C6: =(COUNTIFS(Raw!$A:$A,$A6,Raw!$C:$C,C$1,Raw!$D:$D,1)/COUNTIFS(Raw!$A:$A,$A6,Raw!$C:$C,C$1))*20% -> 0.2 | D6: =(COUNTIFS(Raw!$A:$A,$A6,Raw!$C:$C,D$1,Raw!$D:$D,1)/COUNTIFS(Raw!$A:$A,$A6,Raw!$C:$C,D$1))*15% -> 0.085714286 | E6: =(COUNTIFS(Raw!$A:$A,$A6,Raw!$C:$C,E$1,Raw!$D:$D,1)/COUNTIFS(Raw!$A:$A,$A6,Raw!$C:$C,E$1))*35% -> 0.29166667 | F6: =SUM(B6:E6) -> 0.80238095 | G6: =REPT("⭐ ", IF(F6<=0.2,1, IF(F6<=0.4,2, IF(F6<=0.6,3, IF(F6<=0.8,4,5))))) & REPT("☆ ", 5-IF(F6<=0.2,1, IF(F6<=0.4,2, IF(F6<=0.6,3, IF(F6<=0.8,4,5))))) -> ⭐ ⭐ ⭐ ⭐ ⭐ | H6: Developing (Still Learning) | I6: Active
A7: Estela Mae Montenegro | B7: =(COUNTIFS(Raw!$A:$A,$A7,Raw!$C:$C,B$1,Raw!$D:$D,1)/COUNTIFS(Raw!$A:$A,$A7,Raw!$C:$C,B$1))*30% -> 0.3 | C7: =(COUNTIFS(Raw!$A:$A,$A7,Raw!$C:$C,C$1,Raw!$D:$D,1)/COUNTIFS(Raw!$A:$A,$A7,Raw!$C:$C,C$1))*20% -> 0.15 | D7: =(COUNTIFS(Raw!$A:$A,$A7,Raw!$C:$C,D$1,Raw!$D:$D,1)/COUNTIFS(Raw!$A:$A,$A7,Raw!$C:$C,D$1))*15% -> 0.09375 | E7: =(COUNTIFS(Raw!$A:$A,$A7,Raw!$C:$C,E$1,Raw!$D:$D,1)/COUNTIFS(Raw!$A:$A,$A7,Raw!$C:$C,E$1))*35% -> 0.23333333 | F7: =SUM(B7:E7) -> 0.77708333 | G7: =REPT("⭐ ", IF(F7<=0.2,1, IF(F7<=0.4,2, IF(F7<=0.6,3, IF(F7<=0.8,4,5))))) & REPT("☆ ", 5-IF(F7<=0.2,1, IF(F7<=0.4,2, IF(F7<=0.6,3, IF(F7<=0.8,4,5))))) -> ⭐ ⭐ ⭐ ⭐ ☆ | H7: Growing (Shows good understanding) | I7: Active, Up-to-date
A8: Hazel An Orito | B8: =(COUNTIFS(Raw!$A:$A,$A8,Raw!$C:$C,B$1,Raw!$D:$D,1)/COUNTIFS(Raw!$A:$A,$A8,Raw!$C:$C,B$1))*30% -> 0.225 | C8: =(COUNTIFS(Raw!$A:$A,$A8,Raw!$C:$C,C$1,Raw!$D:$D,1)/COUNTIFS(Raw!$A:$A,$A8,Raw!$C:$C,C$1))*20% -> 0.2 | D8: =(COUNTIFS(Raw!$A:$A,$A8,Raw!$C:$C,D$1,Raw!$D:$D,1)/COUNTIFS(Raw!$A:$A,$A8,Raw!$C:$C,D$1))*15% -> 0.10714286 | E8: =(COUNTIFS(Raw!$A:$A,$A8,Raw!$C:$C,E$1,Raw!$D:$D,1)/COUNTIFS(Raw!$A:$A,$A8,Raw!$C:$C,E$1))*35% -> 0.23333333 | F8: =SUM(B8:E8) -> 0.76547619 | G8: =REPT("⭐ ", IF(F8<=0.2,1, IF(F8<=0.4,2, IF(F8<=0.6,3, IF(F8<=0.8,4,5))))) & REPT("☆ ", 5-IF(F8<=0.2,1, IF(F8<=0.4,2, IF(F8<=0.6,3, IF(F8<=0.8,4,5))))) -> ⭐ ⭐ ⭐ ⭐ ☆ | H8: Developing (Still Learning) | I8: Active
A9: Anita Ajoc | B9: =(COUNTIFS(Raw!$A:$A,$A9,Raw!$C:$C,B$1,Raw!$D:$D,1)/COUNTIFS(Raw!$A:$A,$A9,Raw!$C:$C,B$1))*30% -> 0.18 | C9: =(COUNTIFS(Raw!$A:$A,$A9,Raw!$C:$C,C$1,Raw!$D:$D,1)/COUNTIFS(Raw!$A:$A,$A9,Raw!$C:$C,C$1))*20% -> 0.15 | D9: =(COUNTIFS(Raw!$A:$A,$A9,Raw!$C:$C,D$1,Raw!$D:$D,1)/COUNTIFS(Raw!$A:$A,$A9,Raw!$C:$C,D$1))*15% -> 0.09375 | E9: =(COUNTIFS(Raw!$A:$A,$A9,Raw!$C:$C,E$1,Raw!$D:$D,1)/COUNTIFS(Raw!$A:$A,$A9,Raw!$C:$C,E$1))*35% -> 0.23333333 | F9: =SUM(B9:E9) -> 0.65708333 | G9: =REPT("⭐ ", IF(F9<=0.2,1, IF(F9<=0.4,2, IF(F9<=0.6,3, IF(F9<=0.8,4,5))))) & REPT("☆ ", 5-IF(F9<=0.2,1, IF(F9<=0.4,2, IF(F9<=0.6,3, IF(F9<=0.8,4,5))))) -> ⭐ ⭐ ⭐ ⭐ ☆ | H9: Growing (Shows good understanding) | I9: Active, Up-to-date
A10: Rhea Angel Bernales | B10: =(COUNTIFS(Raw!$A:$A,$A10,Raw!$C:$C,B$1,Raw!$D:$D,1)/COUNTIFS(Raw!$A:$A,$A10,Raw!$C:$C,B$1))*30% -> 0.3 | C10: =(COUNTIFS(Raw!$A:$A,$A10,Raw!$C:$C,C$1,Raw!$D:$D,1)/COUNTIFS(Raw!$A:$A,$A10,Raw!$C:$C,C$1))*20% -> 0.1 | D10: =(COUNTIFS(Raw!$A:$A,$A10,Raw!$C:$C,D$1,Raw!$D:$D,1)/COUNTIFS(Raw!$A:$A,$A10,Raw!$C:$C,D$1))*15% -> 0.10714286 | E10: =(COUNTIFS(Raw!$A:$A,$A10,Raw!$C:$C,E$1,Raw!$D:$D,1)/COUNTIFS(Raw!$A:$A,$A10,Raw!$C:$C,E$1))*35% -> 0.175 | F10: =SUM(B10:E10) -> 0.68214286 | G10: =REPT("⭐ ", IF(F10<=0.2,1, IF(F10<=0.4,2, IF(F10<=0.6,3, IF(F10<=0.8,4,5))))) & REPT("☆ ", 5-IF(F10<=0.2,1, IF(F10<=0.4,2, IF(F10<=0.6,3, IF(F10<=0.8,4,5))))) -> ⭐ ⭐ ⭐ ⭐ ☆ | H10: Developing (Still Learning) | I10: Active
A11: Robles Aubry | B11: =(COUNTIFS(Raw!$A:$A,$A11,Raw!$C:$C,B$1,Raw!$D:$D,1)/COUNTIFS(Raw!$A:$A,$A11,Raw!$C:$C,B$1))*30% -> 0.3 | C11: =(COUNTIFS(Raw!$A:$A,$A11,Raw!$C:$C,C$1,Raw!$D:$D,1)/COUNTIFS(Raw!$A:$A,$A11,Raw!$C:$C,C$1))*20% -> 0.05 | D11: =(COUNTIFS(Raw!$A:$A,$A11,Raw!$C:$C,D$1,Raw!$D:$D,1)/COUNTIFS(Raw!$A:$A,$A11,Raw!$C:$C,D$1))*15% -> 0.09375 | E11: =(COUNTIFS(Raw!$A:$A,$A11,Raw!$C:$C,E$1,Raw!$D:$D,1)/COUNTIFS(Raw!$A:$A,$A11,Raw!$C:$C,E$1))*35% -> 0.175 | F11: =SUM(B11:E11) -> 0.61875 | G11: =REPT("⭐ ", IF(F11<=0.2,1, IF(F11<=0.4,2, IF(F11<=0.6,3, IF(F11<=0.8,4,5))))) & REPT("☆ ", 5-IF(F11<=0.2,1, IF(F11<=0.4,2, IF(F11<=0.6,3, IF(F11<=0.8,4,5))))) -> ⭐ ⭐ ⭐ ⭐ ☆ | H11: Developing (Still Learning) | I11: Uncooperative
A12: Mayet Midrano | B12: =(COUNTIFS(Raw!$A:$A,$A12,Raw!$C:$C,B$1,Raw!$D:$D,1)/COUNTIFS(Raw!$A:$A,$A12,Raw!$C:$C,B$1))*30% -> 0.24 | C12: =(COUNTIFS(Raw!$A:$A,$A12,Raw!$C:$C,C$1,Raw!$D:$D,1)/COUNTIFS(Raw!$A:$A,$A12,Raw!$C:$C,C$1))*20% -> 0.15 | D12: =(COUNTIFS(Raw!$A:$A,$A12,Raw!$C:$C,D$1,Raw!$D:$D,1)/COUNTIFS(Raw!$A:$A,$A12,Raw!$C:$C,D$1))*15% -> 0.066666667 | E12: =(COUNTIFS(Raw!$A:$A,$A12,Raw!$C:$C,E$1,Raw!$D:$D,1)/COUNTIFS(Raw!$A:$A,$A12,Raw!$C:$C,E$1))*35% -> 0.175 | F12: =SUM(B12:E12) -> 0.63166667 | G12: =REPT("⭐ ", IF(F12<=0.2,1, IF(F12<=0.4,2, IF(F12<=0.6,3, IF(F12<=0.8,4,5))))) & REPT("☆ ", 5-IF(F12<=0.2,1, IF(F12<=0.4,2, IF(F12<=0.6,3, IF(F12<=0.8,4,5))))) -> ⭐ ⭐ ⭐ ⭐ ☆ | H12: Developing (Still Learning) | I12: Active
A13: Harlene Absalon | B13: =(COUNTIFS(Raw!$A:$A,$A13,Raw!$C:$C,B$1,Raw!$D:$D,1)/COUNTIFS(Raw!$A:$A,$A13,Raw!$C:$C,B$1))*30% -> 0.18 | C13: =(COUNTIFS(Raw!$A:$A,$A13,Raw!$C:$C,C$1,Raw!$D:$D,1)/COUNTIFS(Raw!$A:$A,$A13,Raw!$C:$C,C$1))*20% -> 0.1 | D13: =(COUNTIFS(Raw!$A:$A,$A13,Raw!$C:$C,D$1,Raw!$D:$D,1)/COUNTIFS(Raw!$A:$A,$A13,Raw!$C:$C,D$1))*15% -> 0.085714286 | E13: =(COUNTIFS(Raw!$A:$A,$A13,Raw!$C:$C,E$1,Raw!$D:$D,1)/COUNTIFS(Raw!$A:$A,$A13,Raw!$C:$C,E$1))*35% -> 0.23333333 | F13: =SUM(B13:E13) -> 0.59904762 | G13: =REPT("⭐ ", IF(F13<=0.2,1, IF(F13<=0.4,2, IF(F13<=0.6,3, IF(F13<=0.8,4,5))))) & REPT("☆ ", 5-IF(F13<=0.2,1, IF(F13<=0.4,2, IF(F13<=0.6,3, IF(F13<=0.8,4,5))))) -> ⭐ ⭐ ⭐ ☆ ☆ | H13: Developing (Still Learning) | I13: Active
... A15: Cristy Mondalo | B15: =(COUNTIFS(Raw!$A:$A,$A15,Raw!$C:$C,B$1,Raw!$D:$D,1)/COUNTIFS(Raw!$A:$A,$A15,Raw!$C:$C,B$1))*30% -> 0.15 | C15: =(COUNTIFS(Raw!$A:$A,$A15,Raw!$C:$C,C$1,Raw!$D:$D,1)/COUNTIFS(Raw!$A:$A,$A15,Raw!$C:$C,C$1))*20% -> 0.05 | D15: =(COUNTIFS(Raw!$A:$A,$A15,Raw!$C:$C,D$1,Raw!$D:$D,1)/COUNTIFS(Raw!$A:$A,$A15,Raw!$C:$C,D$1))*15% -> 0.085714286 | E15: =(COUNTIFS(Raw!$A:$A,$A15,Raw!$C:$C,E$1,Raw!$D:$D,1)/COUNTIFS(Raw!$A:$A,$A15,Raw!$C:$C,E$1))*35% -> 0.175 | F15: =SUM(B15:E15) -> 0.46071429 | G15: =REPT("⭐ ", IF(F15<=0.2,1, IF(F15<=0.4,2, IF(F15<=0.6,3, IF(F15<=0.8,4,5))))) & REPT("☆ ", 5-IF(F15<=0.2,1, IF(F15<=0.4,2, IF(F15<=0.6,3, IF(F15<=0.8,4,5))))) -> ⭐ ⭐ ⭐ ☆ ☆ | H15: Neglectful | I15: Uncooperative

Sheet Dashboard
B1: Anita Ajoc
A4: Life Class | B4: {=XLOOKUP($B$1, 'Calculation Sheet'!$A$2:$A$15, 'Calculation Sheet'!$B$2:$B$15)} -> 0.18
A5: Sunday Service | B5: {=XLOOKUP($B$1, 'Calculation Sheet'!$A$2:$A$15, 'Calculation Sheet'!$C$2:$C$15)} -> 0.15
A6: Home Visitation | B6: {=XLOOKUP($B$1, 'Calculation Sheet'!$A$2:$A$15, 'Calculation Sheet'!$D$2:$D$15)} -> 0.09375
A7: Major Activity | B7: {=XLOOKUP($B$1, 'Calculation Sheet'!$A$2:$A$15, 'Calculation Sheet'!$E$2:$E$15)} -> 0.23333333
A8: TOTAL PERCENTAGE | B8: {=XLOOKUP($B$1, 'Calculation Sheet'!$A$2:$A$15, 'Calculation Sheet'!$F$2:$F$15)} -> 0.65708333
A10: =REPT("⭐ ", IF(B8<=0.2,1, IF(B8<=0.4,2, IF(B8<=0.6,3, IF(B8<=0.8,4,5))))) & REPT("☆ ", 5-IF(B8<=0.2,1, IF(B8<=0.4,2, IF(B8<=0.6,3, IF(B8<=0.8,4,5))))) -> ⭐ ⭐ ⭐ ⭐ ☆
A24: SPIRITUAL ASSESMENT | B24: {=XLOOKUP($B$1, 'Calculation Sheet'!$A$2:$A$15, 'Calculation Sheet'!$H$2:$H$15)} -> Growing (Shows good understanding)
A25: ACTIVITY ASSESMENT | B25: {=XLOOKUP($B$1, 'Calculation Sheet'!$A$2:$A$15, 'Calculation Sheet'!$I$2:$I$15)} -> Active, Up-to-date
